id,name,cost,room
6279475,NDLE EPIDRUAL TUOHY 17GX6,6.15,IT
6271939,WATER DISTILLED NEBR GA,2.61,IT
6279724,SYR NDLE INS SFTY 0.5ML29GX0.5,0.34,IT
6272950,TRAY DRN CATH NON-VALVED THORA-PARA 5FR,35.79,IT
6262649,BG PRSS INFUSER 1000ML BX12,7.95,IT
6273342,SYR LS PERFIX PLST 8ML,1.52,IT
6284049,ATTACH BIPAP O2 ENRICHMENT,2.26,IT
6269584,COLLT CORD BLD UMBILICUP,3.96,IT
6269142,BRUSH SCRUB E-Z PREOP PCMX 3,0.59,IT
6274689,NDLE STIMUPLEX 360 20GX6,13.14,IT
6270123,CATH DRN LK PIGT 12FR 20CM,60,IT
6270124,CATH DRN LK PIGT 10FR 20CM,60,IT
6276431,TRAY EPIDURAL LLOPEN5ML17GX3.5,21.34,IT
6276429,DRSG TEGADERM +PAD 3.5X9,1.66,IT
6274688,NDLE STIMUPLEX 360 22GX3-1/8,11.35,IT
6270665,INTR POSI STICK 21G 38CM,121.07,IT
6276432,TRAY EPIDURAL TUOHY 18GX3.5,14.91,IT
6318963,HOOK AMNIOT MEMB AMNIHOOK STER,3.3,IT
6315586,SANTZR HAND GEL PURELL 4OZ,0.78,IT
6314086,ENEMA MINERAL OIL MEDLINE4.5OZ,0.01,IT
6316388,TRAY CATH ADD-A-CATH OPEN 1000,4.08,IT
6223416,*CIP* PAPER EKG NO GRID 2X100FT,1.63,IT
6223420,*CIP* PAPER ECG CHART THML 2.25X82FT,1.3,IT
6223423,*CIP* PAPER EKGLIFEPAK12 4-3/16X73FT,3.56,IT
6238196,KT SUT REMOV ST SCISSORS,0.86,IT
6238569,EXCHANGER HEAT MOISTURE W PORT,0.95,IT
6208070,CUP COLD PAPER SYMPY 5OZ,7.61,IT
6240798,DRSG TUBLR MTSPANDAGE SZ9 25YD,12.61,IT
6240744,CLAMP TB PLST A-CLAMP DISP 4IN,0.82,IT
6240726,CANN CPAP NASAL SM,27.56,IT
6240779,DEV STATLOCK UNIV 10-12FR,9.41,IT
6240727,CANN CPAP NASAL XS,20.75,IT
6240795,DRSG TUBLR SPANDAGE MT 10X25YD,13.97,IT
6241065,TIP IRG OTOCLEAR SAFE,1.76,IT
6240894,NEB EZFLOW CONTINUOUSPUR,29.21,IT
6240863,LABEL IV SET-72 HOURS ONLY,9.19,IT
6241087,CAP WARMING BOUFFANT ADLT,0.65,IT
6240954,*CIP* SET FEED KANGAROO SPIKE,1.86,IT
6240866,BG LEG URN LG 25OZ,4.8,IT
6241090,COT FINGER MD,0.02,IT
6240868,MARKER SKIN FINE PNT,0.54,IT
6241094,COOLER UNIT ICEMAN COMBO UNIV,38.92,IT
6241075,TRAY LACERATION MEDL,6.37,IT
6240918,POUCH TELEMETRY CLIP-TOTE,1.9,IT
6240893,NEB AQUAPAK WATER 760ML,2.31,IT
6241062,TB TRANS SET EMPOWER,5.32,IT
6240862,LABEL ALLERGIES FL RED 2.5X2.5,16.12,IT
6240796,DRSG TUBLR MTSPANDAGE SZ5 25YD,5.15,IT
6209156,SET COMB/BRUSH BABY INDV BG,0.33,IT
6240886,MUG PT CUST SY 32OZ,3.02,IT
6241059,TB EXT LEG BG W CONN,1.96,IT
6220383,UNDERPAD DISP WINGS 30X36,0.85,IT
6210874,CLAMP CORD UMBLCL STER,0.46,IT
6232253,SHIELD NIPPLE CONTACT 20MM,3.91,IT
6232004,SHIELD NIPPLE CONTACT 16MM,3.91,IT
6221237,NDLE SPNL WHITACRE LNG 25X5,11.84,IT
6220750,PILLOWCASE TISS/PE DISP 21X30,0.24,IT
6231735,BELT GAIT MD 72IN,5.29,IT
6213778,SET BLN TAMPONADE CATH,254.5,IT
6213120,DTERG INST VALSURE ALK GA,11.84,IT
6212746,SYR BULB EAR ULCER 2OZ,0.62,IT
6215426,SPECULUM OTO DISP 9MM,1.15,IT
6309709,SYR CNTRST FLEX SPEC SPIKE 150,12.77,IT
6310851,TRAP WATER D-FEND PRO+ GRN,8.3,IT
6301599,CATH FOLEY 3W 22FR 5CC,9.42,IT
6241801,LABEL REORDER MEDICTN,12.07,IT
6241811,CAP SHOWER DISP CL,0.11,IT
6241803,BIB DENTAL CHOICE WHT 13X18,12.54,IT
6243669,CONN BREATHING CIRCUIT 15X22X1,1.35,IT
6251122,SLIPPER ALLAROUND TEAL ADLT2XL,0.79,IT
6251123,SLIPPER ALLAROUND GRY ADLT 3XL,1.02,IT
6244675,NEUT AIR ODORELIMINATORUNSC2OZ,1.06,IT
6244676,KT ADMIN MUG CUST SY,5.48,IT
6244681,PAPER BP MON VITAL SIGNS 5.15,2.65,IT
6244682,KT PRECAUTION STATPAQ STD,3.73,IT
6244702,NDLE EPIDURAL FIX WING 18GX6,6.41,IT
6244684,PAPER EKG STRESS TEST MORTARA,13.37,IT
6261449,NDLE EPIDURAL TUOHY 20GX6 BX10,6.31,IT
6259365,SET INTROTIP PIGT 10.2FR 30CM,122.88,IT
6261210,SENS PADCHAIR8FTCORD30DAY13X13,12.75,IT
6253330,ELTD TMPR PACING FLOW 5FR110CM,179.41,IT
6246275,CATH EPIDURAL PERISAFE CLSD20G,7.8,IT
6241726,WIPE DISINF CAVIWIPES1 7X9,9.85,IT
6241754,BNDG SLFADH TENSOPLASTTAN3X5YD,3.98,IT
6241710,PROTECT HEEL & ELBOW PD UNIV CA36,3.43,IT
6241727,WIPE DISINF CAVIWIPES1 6X6.75,12.59,IT
6241703,KT GASTRIC LAVAGE PED 24FR,2.31,IT
6241720,COV TRACH SHOWER VELCRO 7X6,6,IT
6241722,DRSG TUBLR MTSPANDAGE SZ2 25YD,3.23,IT
6249587,APPL PROCTOSCOPIC 16IN,0.15,IT
6239537,APPL COTTON OB GYN PAPER 8IN,0.15,IT
6258827,WATER INHALATION STER BTL AIRLIFE 1000ML,4.08,IT
6243134,HOOD O2 KIN HUT 24X24X24,19,IT
6243121,KT TEST CLIN A1C 10T,64.57,IT
6239659,SAMP LN GAS MALE MLL 10FT,0.53,IT
6262268,COV SHOE SKID RESIST 3-LAYER BLU XL CA3,0.09,IT
6201906,TRAY DRN SAFE T CENTESIS 6FR,63.61,IT
6242931,PAPER EXAM TBL BUGS 21INX225FT,6.24,IT
6242574,DRSG TUBLR MTSPANDAGE SZ3 25YD,4.39,IT
6185137,FORMULA SIMILAC ADV PDR 12.4OZ,0,IT
6189912,PRESOAK INST PROLYSTICA GA,37.52,IT
6190484,HLDR CONTACT LENS DEEP WELL 50,0.45,IT
6205419,BRUSH HAND & NAIL 4IN,3.25,IT
6201111,JELLY LUBE OMMA FLIP TOP 4OZ,1.31,IT
6200906,THERM SHEATH DIG ORAL LG,5.85,IT
6177000,DRSG RESTORE STER 4X4,3.4,IT
6201108,MANOMETER BS SMART,9.85,IT
6201249,VACUUM OB KIWI OMNI W INDIC,54.4,IT
6201188,TRAY SPNL PENCAN 24GX4,13.04,IT
6206712,AIRW NASAL STER 32FR 8MM,3.96,IT
6206593,TRAY STAPLE REMOV SCISSORS,1.47,IT
6206710,AIRW NASAL STER 28FR 7MM,3.95,IT
6187731,NITRAZINE PAPER 4.5-7.5,20.12,IT
6193417,FIX SKIN CANN TENDERGRIP ADLT,0.52,IT
6201622,DEOD ROLL-ON 1.5OZ,0.31,IT
6178775,ID BAND ALERT DNR PUR,2.59,IT
6189398,GOWN EXAM 3LYR BLU ADLT UNIV,0.45,IT
6189392,CAP BOUFFANT PROTECT BLU LG 24,0.1,IT
6189245,SPNG CURITY STER 12PLYPK10 4X4,0.37,IT
6189105,PIN SFTY STER #3 1.75IN,1.91,IT
6189312,KT GASTRIC LAVAGE ADLT 34FR,1.92,IT
6189260,TB RECTAL 24FR 20,0.97,IT
6188760,SCRUB STAT ENDURE 400 4OZ,1.98,IT
6188747,HAIR PICK MINI BLK 2.25IN,0.09,IT
6189208,TAPE HYTAPE ZINC 0.5X5YD BX24,2.12,IT
6291305,TRAY SPNL PENCAN LIDO 24G,10.4,IT
6291250,FORMULA ENFAMIL NEUROIQ 2OZ,0,IT
6298186,CIRCUIT ANES EXPAND PEDS 90IN,5.24,IT
6292561,SCRAPER ENDOCERV PAP WOODEN,9.91,IT
6296334,DEV STATLOCK UNIV 14-16FR,9.47,IT
6297210,ABSORBENT EF EX MEDISORB600SER,19.51,IT
6285574,DRSG IV ADV TEGADERMPEDS2X2.25,0.67,IT
6287460,AIRW GUEDEL CATH GD 120MM,0.64,IT
6294742,*CIP* PAPER ECG M1707A 8.49X183FT,7.81,IT
6285893,PACIFIER WEE SOOTHIE REG,1.04,IT
6287071,SYS PATCH FETAL MON NOVII,41.17,IT
6290305,CUP COLD PLST TRNSLUC 3.5OZ,1.83,IT
6290243,BTL EMPTY EVAC ACCELL 1000ML,10.46,IT
6119007,ANTACID E-Z-GAS II GRAN 4GM,0.85,IT
6118946,MAT CHEMO PREP 16X22,48.65,IT
6120133,PAD PREP ALC 70% STERILE WEBCOL MD,0.01,IT
6119003,BG ENEMA SUP XL 2500ML,6.19,IT
6120036,LABEL MEDICTN ADDED RED2.5X1.5,4.86,IT
6120871,NDLE SPNL QUINCKE BL HUB 25GX3.5,2.7,IT
6120392,PROBE COV THML RND,8.87,IT
6120811,NEB RESPIGUARD II,5.57,IT
6120872,NDLE SPNL QUINCKE 22GX1.5,3.37,IT
6120206,BRUSH SCRUB E-Z PVP IODINE 1%,0.65,IT
6120869,NDLE SPNL QUINCKE 18GX3.5,3.16,IT
6120817,CATH IV INSYTE-N SFTY 24GX0.75,1.45,IT
6120374,SITZ BATH GRY 2000ML,2.33,IT
6120870,NDLE SPNL QUINCKE BLK HUB 22GX3.5,3.21,IT
6121517,CATH UMBILICAL SL PU 3.5FR 15IN,12.67,IT
6121280,FLOWMETER PEAK UNIV RANGE,7.95,IT
6121181,DETECTOR CO2 EASYCAP II ADLT,9,IT
6121384,YANKAUER FLEX MD W VENT 18FR,0.44,IT
6121098,NOSE CLIP DISP,0.29,IT
6121439,TB GAST DCOMPDLSIL10FRX36,9.79,IT
6121183,DETECTOR CO2 PEDICAP PED,9,IT
6121412,MASK FACE LG,1.6,IT
6121516,CATH UMBILICAL SL PU 5FR 15IN,12.67,IT
6121589,PK STD LEG BG EXT TB STRAP,5,IT
6121185,TIP SUCT YANKAUER TAPER BULB,0.33,IT
6121099,CUSH CANN EAR EZ WRAP,0.56,IT
6120604,SET THORACENTESIS 15GX3.8CM,2.98,IT
6120878,NDLE WHITACRE THIN 25GX3.5,8.71,IT
6120500,ADPTR CATH SYR,0.77,IT
6129818,KT DRN PLEURX 500ML,98.93,IT
6128853,TEMP SKIN SENSE REUS NEO,29.5,IT
6129709,HEADREST GENTLE TOUCH PILLOW 7,7.95,IT
6129755,BTL VOLU-FEED NURSER DISP 60ML,0,IT
6142303,MASK SURG TIE ANTIFOG GRN KIMBERLY CLARK,0.17,IT
6143368,CAP SHAMPOO CMFT,1.74,IT
6148204,NDLE SPNL QUINCKE 22GX5,7.52,IT
6148209,SET CATH RAD ART 20GX1.75,14.37,IT
6156029,PUNCH BX ACU-PUNCH DISP 4MM,4.26,IT
6156025,PUNCH BX ACU-PUNCH DISP 3MM,4.26,IT
6164959,INFUS POWERLOC SFTY 20X1,6.2,IT
6165629,DRSG BIOPATCH W CHG WHT 4MM,6.3,IT
6168333,*CIP* DEV MEASURING MEDI RULE,0.05,IT
6165606,NDLE EPIDURAL DURASAFE,15.9,IT
6168408,DEV NG TB SECURING W CLAMP,1.68,IT
6169168,PUNCH BX DISP 8MM,1.53,IT
6169184,SYR MRI MULT PKU,14.07,IT
6171241,CRUTCHES ARM PADS,1.98,IT
6171242,CRUTCHES HAND GRIPS,1.98,IT
6171244,*CIP* TIP CRUTCH GRY 1.75IN,1.25,IT
6172222,INTR ET BOUGIE TYPE 15FR,9.7,IT
6172587,WASHCLOTH HYDROKNIT DISP 10X13,1.63,IT
6172426,BNDG TRIANG CURITY 40X40X56,0.9,IT
6172536,PUMP BREAST HARMONY MANUALSTER,13,IT
6172373,SHELL BREAST,5.08,IT
6167970,COMB BLK 7IN,0.04,IT
6172537,SHIELD NIPPLE CONTACT STER24MM,4.02,IT
6172810,TB JEJ MIC BLN 7-10ML 18FR,141.01,IT
6172533,NIPPLE PRM SIMILAC,0,IT
6171422,CONN O2 TWIST & PULL,0.26,IT
6169801,HOOD O2 DISP INFANT MD,6.12,IT
6169802,HOOD O2 DISP INFANT LG,19.01,IT
6173792,ELTD MON FETAL SCALP DISP,3.5,IT
6174179,EXCR THERMOVENT 600 HME,1.22,IT
6174301,DRAPE SHT TISS 2PLY WHT 40X60,14.35,IT
6170390,BLN CERV RIPENING NO STYLET,47,IT
6170400,*CIP* PAPER EKG LIFEPAK 9 GRN GRID,1.25,IT
6176484,NDLE EPIDURAL TUOHY 20GX3.5 CA25,5.92,IT
6176485,NDLE EPIDURAL TUOHY METAL HUB 17GX4.5,10.84,IT
6176712,PAPER REC MON PHIL 2.3X100FT,2.01,IT
6172113,COLLT DEV FLUID MEDI-DUCT,12.1,IT
6176482,NDLE EPIDURAL TUOHY 18GX3.5 CA10,2.84,IT
6174936,*CIP* SHIELD IRG SYR SUP STER,1.82,IT
6319657,SYS STARTER SUPPL NURS,5.88,IT
6320739,BTL EMPTY EVAC ACCELL 2000ML,16.3,IT
6321371,DRN PENROSE SURG 0.25X12,0.72,IT
6321961,KT SPILL CHEMO,76.19,IT
6322299,TB NG PVC ENFIT NEO/PEDS 8FR16,0.58,IT
6322283,TB NG STYLETSMTHENFIT3GM10FR43,0.01,IT
6323032,MASK MED ISOL N95 AURA REG CA240,0.5,IT
6323868,REMOV NAIL POLISH PAD,0.02,IT
6324023,CNTRST NEULUMEX 450ML,6.23,IT
6324227,MASK O2 NONREB ADLT 7FT,1.14,IT
6324231,MASK O2 MD CONC SHRT PEDS 7FT,0.63,IT
6324219,TBI O2 STAR LUM CL 25FT,1.08,IT
6324188,HUMIDIFIER BUBBLE AQUAKPAK 340,1.26,IT
6324194,AQUAPAK W STER WATER 760ML,1.37,IT
6324221,TB O2 STAR LUM CL 7FT,0.29,IT
6324189,MASK 02 MD CONC ELNG ADLT,0.56,IT
6324222,KT MASK SELECT A VENT ADLT 7FT,1.34,IT
6325299,TRAY LUMBARPUNCSFTYPEDS22GX1.5,32.25,IT
6324518,FORMULA SIMILAC 360TC SENS 2OZ,0,IT
6325764,MASK O2 NONREB ELNG 3IN1 PEDS,1.42,IT
6325664,TRAY LUMBARPUNCSFTYADLT20GX3.5,19.63,IT
6325816,CANN NASAL ETCO2U/CONNADLT 7FT,2.5,IT
6325817,CANN NASAL ETCO2U/CONNAPEDS7FT,5.74,IT
6325818,CANN NASAL AIRLIFEUCONNPEDS7FT,1.09,IT
6325815,BTL PERI GRAD PLST 8OZ,0.53,IT
6327298,TB CORR MEDL A FLEX 100FT,9.36,IT
6327299,DRN SYS MEDL AEROSOL W TEE,0.68,IT
6327308,CIRCUIT UNHEATED DL MEDL ADLT,1.87,IT
6327296,ADPTR AEROSOL TEE MEDL,0.11,IT
6327309,MASK O2 MEDL NONREB INFANT,2.13,IT
6327479,SET EPIDURAL SAPPHIREMICRO 117,10.44,IT
6327698,BNDG SLFADH COBAN LF TAN 1X5YD,0.49,IT
6327592,DRN PENROSEWSFTYPINSTER0.50X18,2.43,IT
6328281,TOWEL SURG ABSORB STER 18X26,0.35,IT
6328389,PROTECT CAST LEG BROW SHRTADLT,16.22,IT
6328390,PROTECT CAST LEG LNG ADLT,16.22,IT
6328391,PROTECT CAST LEG WIDE SHRTADLT,16.22,IT
6328387,PROTECT CAST ARM BROW SHRT ADLT,16.22,IT
6328388,PROTECT CAST ARM LNG ADLT,16.22,IT
6330715,AIRW GUEDEL SMTH WHT SZ2 70MM,0.42,IT
6330991,TEST KT BINAX COVID ANTIGEN,251.72,IT
6330771,DRAPE SURG TOWEL STER 18X26,0.38,IT
6331604,WIPE SKIN PREP 2% CHG PK6,4.68,IT
6332114,CATH INTMT MAGIC3 PEDS 8FR 10,1.19,IT
6112185,DRN TROC CATH CHEST TB 10FR,16.3,IT
6112239,CREAM PROTECT BARR SENSI-CARE,4.29,IT
6112186,DRN TROC CATH CHEST TB 12FR,16.3,IT
6114607,DRSG ADAPTIC NONADH 3X3,0.19,IT
6112244,POUCH NWIMG LK RL FLTR CL BLU,0.32,IT
6114439,GEL ULTRSND AQUASONIC STER20GM,1.41,IT
6114754,DRSG NASAL RHINO RCKT MD,21.72,IT
6114551,NIPPLE REG INFANT SIMILAC,0,IT
6114442,SPECULUM VAG 590 LT DISP MD,1.15,IT
6114630,SPNG RAY-TEC STER 16PLY 4X4,0.61,IT
6114598,BNDG SLFADH COBAN TAN 2X5YD,0.86,IT
6114377,FTPRINTER KLEENPRINT,1.56,IT
6114578,DRSG TUBLR SURGITB WHT50YDSZ1P,7.9,IT
6114505,STKNG KNEE TED OPEN WHT SM REG,4.62,IT
6114614,DRSG TUBLR SURGITB WHT50YDSZ2P,0.01,IT
6114550,NIPPLE SLOW FLOW SIMILAC,0.01,IT
6114761,DEV PICC STATLOCK FM PD FIXED,3.64,IT
6115202,PSTNR HD FM T CUTOUT 6X8X4.25,2.51,IT
6114311,PAD NURS CURITY 5IN,0.98,IT
6114380,PAPER EXAM TBL 18X125FT,1.08,IT
6114308,PANT KNIT MATERNITY LG/XL PK2,1.08,IT
6114579,BNDG ADH FLEX CURITY 1X3,0.02,IT
6116178,DRAPE TOWEL STERIDRAPE 17X23,1.1,IT
6112326,POUCH ACTLF 1PC CTF CL 2.5,0.26,IT
6114663,DRSG TRNSPAR TEGADERM 2X3,0.19,IT
6112237,CLAMP POUCH DRN BGE,0.22,IT
6114315,COV COLD PK W TIES LG 6.5X14,0.66,IT
6114366,CUP SOUFFLE PAPER WHT 0.75OZ,2.84,IT
6115370,TAPE ELTD PREP 0.75X196IN,8.15,IT
6116278,TRAY CATH SUCT WHISTLE ST14FR,0.45,IT
6116165,DRAPE APER STERIDRAPE 5X15,1.24,IT
6116138,KT CATH KOALA INTRAUTERINE,22.75,IT
6116399,BLADE CBN RIB BACK STER SZ20,0.27,IT
6117310,GDWIRE SPRING ST J 0.035 68CM,11.17,IT
6117243,MASK MED ISOL N95 ORG SM,31.15,IT
6117278,MASK SURG TIE PLEAT WHT,4.37,IT
6117331,KT FEMART 18G 16CM,36.42,IT
6117244,MASK MED ISOL N95 ORG REG,31.15,IT
6117280,CAP SURG KAYCEL BLU UNIV,12.85,IT
6117273,GOWN IMPV PLST FILM THBLOOP BLU UNIV,0.34,IT
6117245,MASK MED ISOL N95 SM,0.51,IT
6117349,STOPCOCK 3W,1.19,IT
6116423,BLADE CLIPPER SURG HD,1.9,IT
6116352,CAUT ACCUTEMP HIGH TEMP FINE.5,11.85,IT
6116446,PUNCH BX DISP 6MM,1.37,IT
6261705,BELT GAIT NAT 60IN,4.08,IT
6229418,MASK MED ISOL N95 1500 MD,1.82,IT
6230529,BELT FETAL MON W BTN,0.88,IT
6114601,BNDG SLFADH COBAN TAN 4X5YD,1.45,IT
6214425,GOWN ISOL LVL2 ELAS CUFF LG,5.65,IT
6120807,SOL H2O STER HEATED CIRC1000ML,3.82,IT
6120818,CATH IV INSYTE SFTY 22GX1,1.45,IT
6120851,NDLE HYPO SFTY CARD 22GX1,0.2,IT
6121086,CHAMBER AEROCHAMBER+ W MASK MD,10.58,IT
6206681,JELLY SURGILUBE FOIL PK 3GR,0.11,IT
6114884,BOOT HEEL PREVALON W WEDGE,49,IT
6129819,KT DRN PLEURX 1000ML,69.55,IT
6114969,PLSTR CAST BNDG XTR FAST 2X3YD,0.66,IT
6149569,WIPE PREP SKIN PROTECT ADAPT,0.06,IT
6117249,MASK MED ISOL N95 REG,0.51,IT
6114327,MOISTURIZER MOUTH 0.5OZ,1.11,IT
6172789,MASK AEROSOL STRAPTURTLEINFANT,0.84,IT
6130129,DRSG MASTISOL ADH 2/3CC,1.5,IT
6115372,ELTD QK COMBO EDGE PEDS,28.32,IT
6121194,SENS OXISENSOR OXIMAX NEO/ADLT,8.72,IT
6114381,PAPER EXAM TBL 21X125FT,1.29,IT
6271387,BLADE LARYNSCP DISP MAC SZ3,9.93,IT
6239605,SPIROMETER INCENTIVE 2500ML,2.03,IT
6178030,WIPE BABY PAMPERS SENSITIVE,0.24,IT
6271451,CUP MEDICTN GRAD 30ML,0.01,IT
6142157,WIPE ADH REMOV OSTOMY UNIV,0.05,IT
6164960,INFUS POWERLOC SFTY 20X1.5,5.33,IT
6114506,STKNG KNEE TED OPEN WHT MD REG,4.61,IT
6112187,DRN TROC CATH CHEST TB 20FR,30,IT
6114580,BNDG ADH FLEX CURITY 2X3.75,0.07,IT
6116249,SPECMN KT URN RIGID FEMALE 8FR,2.14,IT
6322284,TB NG STYLET ANTICLOG BOLUS ENFIT 12FR 43,0.01,IT
6112085,BAT ALK AAA PROCELL DURACELL,0.23,IT
6114507,STKNG KNEE TED OPEN WHT LG REG,4.62,IT
6120295,TOWELETTE OB BZK CHL 7.75X5,0.04,IT
6112183,DRN PENROSE RADPQ SIL 0.50X18,5.93,IT
6121441,TB GAST DCOMPDLSIL14FRX48,9.79,IT
6120372,BLANKET WARM UPPER BODY ADLT,4.65,IT
6271388,BLADE LARYNSCP DISP MAC SZ4,23.55,IT
6121502,DRN CLSD UNIT BG 4000ML,4.71,IT
6112188,DRN TROC CATH CHEST TB 28FR,24.41,IT
6121593,CATH EXTL EXT WEAR 31-35CM,0.95,IT
6112238,PDR ADAPT STOMA 1OZ,0.92,IT
6275172,CLNR PRE INST PREPZYME 32OZ,17.28,IT
6316008,DIAPER SWADDLERS 6-10LB,0.15,IT
6114970,PLSTR CAST BNDG XTR FAST 3X3YD,0.81,IT
6120819,CATH IV INSYTE SFTY 20GX1.16,1.45,IT
6316698,PK SURG VAG DEL CUST,25.77,IT
6115374,ELTD MON RADL FM ADLT BG50,3.7,IT
6120852,NDLE HYPO SFTY CARD 22GX1.5,0.24,IT
6185866,COLLT URN URINEGUARD24HR3000ML,0.84,IT
6320454,TRNQT IV TXT ADLT BLU 1X18,0.08,IT
6114405,TONGUE BLADE OMMA STER ADLT 6IN,0.04,IT
6189609,GEL ULTRSND AQUASONIC 100 .25L,2.46,IT
6189698,WIPE PERS CLN ESSENTIAL BATH,1.09,IT
6173018,NDLE IO EZ-IO 15G 25MM,136.6,IT
6130269,STRAP LEG BG VELCRO 2X30,3.5,IT
6262790,SET IV SECOND W BG HANGER 40IN,0.85,IT
6173296,MASK AEROSOL DRAGON PEDS,0.87,IT
6203552,KT IV START W TEGADERM SECURE,1.21,IT
6114508,STKNG KNEE TED OPEN WHT SM LNG,1.82,IT
6120820,CATH IV INSYTE SFTY 18GX1.16,1.45,IT
6120853,NDLE HYPO SFTY CARD 25GX5/8,0.22,IT
6186230,DRN PENROSE RADPQ SIL 0.25X12,5.67,IT
6268643,GOWN SURG AEROBLU LG,2.2,IT
6187271,POUCH TAB CRUSHER 2X4.75,0.12,IT
6252567,STBL BNDG NDLE EZ-10,17.97,IT
6189560,BARR OST CAVILON SPRAY 28ML,6.8,IT
6189564,*CIP* STAPLER SKIN MULTI-SHOTDISP15W,4.75,IT
6172362,INFUS POWERLOC SFTY 20X0.75,6.4,IT
6114972,PLSTR CAST BNDG XTR FAST 5X5YD,1.44,IT
6204173,WIPE GERM SANICLOTH AF3 6X6.75,4.11,IT
6120380,BLANKET WARM FULL BODY ADLT,4.27,IT
6189797,PROBE SENS SKIN TEMP 400ADLT,1.51,IT
6172507,ARMBOARD VINYL REUS PEDS 6X2,1.62,IT
6178774,ID BAND ALERT FALL RISK YEL,2.59,IT
6115378,ELTD RESTING RADL AGGR ADH,2.29,IT
6112086,BAT ALK C PROCELL DURACELL,0.5,IT
6117247,MASK MED EARLOOP UNIV,0.05,IT
6112189,DRN TROC CATH CHEST TB 32FR,24.52,IT
6121192,CHAMBER HEATED W H20 FEED SET,10.09,IT
6116403,BLADE CBN RIB BACK STER SZ15,0.29,IT
6121216,CATH SUCT GRAD DELEE ST 8FR,0.4,IT
6269365,NDLE IO STBL KT EZ-IO 15G 15MM,153.8,IT
6180492,LMA AURAONCE CURV SZ3,0.01,IT
6121291,CHAMBER AEROCHAMBER+ W MASK SM,10.58,IT
6117251,MASK SURG TIE FACESHIELD LVL3 BX25,0.53,IT
6114509,STKNG KNEE TED OPEN WHT MD LNG,1.82,IT
6121605,BG SPECMN URN CLOTHADHPEDS10ML,3.34,IT
6114611,DRSG ABD TENDERSORB STER 8X10,0.23,IT
6119030,CNTRST E-Z-HD 340GM,1.06,IT
6112087,BAT ALK D PROCELL DURACELL,0.7,IT
6219622,ADPTR CHRISTMAS TREEMETALCHAIN,6.58,IT
6293284,LANCET SFTY PRSS PUR 30GX1.6MM,0.06,IT
6273548,CLNR WND FLUSH SALINE 7.1OZ,4.71,IT
6322311,TB NG STYLET SMTHENFIT3GM8FR43,0.01,IT
6276278,UNDERPAD WINGS QUILTED 40X57,0,IT
6112242,PASTE ADAPT LOW ALC 2OZ,1.1,IT
6120861,NDLE HYPO SFTY MAGELLAN 25GX1,0.24,IT
6114467,PAD INCONT SURECARE NIGHT 14.5,0.17,IT
6114510,STKNG KNEE TED OPEN WHT LG LNG,4.51,IT
6120822,CATH IV INSYTE SFTY 16GX1.16,1.45,IT
6265496,SET IRG TWO BG 94IN,0.01,IT
6121106,DRN CHEST SGL 1TB ATS ADLT,30.04,IT
6166850,KT RSV 22 TEST WAIVED,267.38,IT
6121231,TRAP MUCUS FLTR CATH SUCT 10FR,2.05,IT
6269366,NDLE IO STBL KT EZ-IO 15G 45MM,153.8,IT
6168344,ELTD QK COMBO EDGE ADLT/PEDS,24.99,IT
6189305,VALV NG ANTIREFLUX SALEM SUMP,0.01,IT
6269446,BG PT BELONGING W TAPEWHT20X20,0.12,IT
6115971,DRSG REINF STERI-STRIP 1/8X3,0.51,IT
6194631,BLADE CLIPPER SENSICLIP,2.8,IT
6180493,LMA AURAONCE CURV SZ4,0.01,IT
6271944,INFUS POWERLOC SFTY 20GX0.75,6.2,IT
6117252,MASK SURG TIE LITE ONE BLU,3.27,IT
6244824,PAPER EXAM TBL BUGS 18X225FT,5.37,IT
6278002,SYR PHARM NEOCONN AMB 3ML,0.19,IT
6185725,*CIP* MATTRESS PORTA-WARMDISP9.25X16,15.19,IT
6188553,COV COLD PK W TIES SM 5X12,0.73,IT
6116416,SCALPEL DISP STER SFTY #10,1.57,IT
6288456,KT DRSG CENT LN W MECH SECURE,22.25,IT
6265500,SET IV ADMIN GRAV 112IN,2.48,IT
6143916,DRSG TRNSPAR TEGADERM HP4X4.75,1.17,IT
6265588,SOL IRG STER WATER BBRA 1000ML BTL,1.3,IT
6117253,MASK MED EARLOOP DISNEY PEDS,9.86,IT
6180494,LMA AURAONCE CURV SZ5,0.01,IT
6120330,*CIP* MOISTURIZER SKIN ALOEVESTA 4OZ,0.8,IT
6114511,STKNG KNEE TED OPEN WHT XL REG,4.62,IT
6120823,CATH IV INSYTE SFTY 14GX1.75,1.45,IT
6121212,CATH SUCT CLSD Y ADPTR PEDS6FR,12.48,IT
6278003,SYR PHARM NEOCONN AMB 6ML,0.01,IT
6204291,WRAP STRL SEQUENTIALH200 18X18,74.11,IT
6117256,COV SHOE SKID RESIST BLU UNIV,9.17,IT
6275062,KT ASSY DISP FOR CLIPVAC 5513E,8,IT
6278004,SYR PHARM NEOCONN AMB 12ML,0.17,IT
6224725,ADH SKIN DERMABOND 0.7ML BX12,16.17,IT
6323297,FLTR LN INTUB SHRT TERM 6.5FT,6.43,IT
6121361,CATH SUCT WHISTLE ST 10FR,0.37,IT
6121619,DRN TROC CATH CHEST TB 16FR,20.76,IT
6201894,BNDG ADH OVAL CURITY 1X1.25,0.02,IT
6258308,POUCH STRL SLF SEAL 3.5X10,16.55,IT
6114386,SPECULUM OTO KLEENSPEC BLACK FOR MACROVIEW .2.75MM,0.73,IT
6114512,STKNG KNEE TED OPEN WHT XL LNG,4.41,IT
6271494,SET FEED KANGAROO JOEY 1000ML,2.39,IT
6188751,BAT ALK 9V DURACELL,0.8,IT
6115973,DRSG REINF STERI-STRIP 0.5X4,0.79,IT
6116417,SCALPEL DISP STER SFTY #11,1.51,IT
6293409,SET WARM BLD TB STD FLOW,9.81,IT
6168915,DRN TROC CATH CHEST TB 24FR,23.5,IT
6276119,SET BLD 2Y NV 200MCRN 80 PUMP,0.01,IT
6199864,BAT ALK AA PROCELL DURACELL,0.23,IT
6112251,POUCH NWIMG LK RL ULT CL YEL 4,0.56,IT
6298234,SET ADMIN MINILOC SFTY 20GX1,5.14,IT
6201479,*CIP* SANTZR HAND GEL PURELL 8OZ,1.64,IT
6240968,SLV SCD CALF VENAFLOW 19,11.38,IT
6299864,ELTD ATTACH PAD FFETALSPIRALLG,1.26,IT
6202616,SOL SCRUB PVP 7.5% 4OZ,1.44,IT
6114387,SPECULUM OTO KLEENSPEC BLACK FOR MACROVIEW 4.25MM,0.74,IT
6114513,STKNG THIGH TED OPEN SM SHRT,3.98,IT
6121362,CATH SUCT WHISTLE ST 14FR,0.24,IT
6249122,KT ENEMA BASIC 1500ML W SOAP,1.38,IT
6116014,DRSG REINF STERI-STRIP 0.25X4,0.77,IT
6258309,POUCH STRL SLF SEAL 5X10.5,19.16,IT
6117272,COV BOOT HI-GUARD ULTRA XL,0.63,IT
6178375,SPECMN KT URN SOFT INFANT 5FR,1.82,IT
6116418,SCALPEL DISP STER SFTY #15,1.57,IT
6211494,PROBE TEMP GEN PRP 12FR,1.43,IT
6265591,SOL IRG 0.9NACL BBRA 1000ML BTL,1.4,IT
6265592,SOL IRG 0.9NACL BBRA 500ML BTL,1.28,IT
6181828,ADPTR INLINE MDI UNIV ADLT,3.59,IT
6120149,SOL HYDROGEN PEROX 3% OMMA16OZ,0.68,IT
6225147,RESUSC MANUAL SPUR PUAL ADULTTAR IIITATOR II NU MD,6.45,IT
6229570,ARMBOARD FM DISP ADLT 9X3.5,5.56,IT
6298407,MASK O2 OXYMASK ADLT 7FT,4.11,IT
6240969,SLV SCD FT VENAFLOW 16,16.89,IT
6114514,STKNG THIGH TED OPEN SM REG,6.39,Materials
6206390,CAP REPL DUAL FUNCTION RED,0.11,Materials
6114632,SPNG DRN EXCILON STER 6PLY 4X4,0.16,Materials
6178821,KT STREP A WAIVED 25T,69.5,Materials
6258311,POUCH STRL SLF SEAL 7.5X13 CA5,31.97,Materials
6298236,SET ADMIN MINILOC SFTY22GX0.75,2.92,Materials
6225148,RESUSC SPUR II W MASK PEDS,6.99,Materials
6277353,WIPE CLN EASY SCRN 70% IPA 5X9,4.39,Materials
6150293,*CIP* DRSG SLVR TEGADERM AG MESH 4X5,8.95,Materials
6278008,SYR PHARM NEOCONN AMB 60ML,0.66,Materials
6120001,TAPE MICROFOAM 4X5.5YD,3.76,Materials
6241732,ARMBOARD VINYL WHT ADLT 9X3,0.24,Materials
6166667,GLOVE EXAM STERLING 12 PF XL,9.95,Materials
6245112,THERM DIG DISP,1.28,Materials
6168419,SHAMPOO NO RINSE ALC FREE 8OZ,2.1,Materials
6120967,SYR CATH TIP BD 50ML,0.31,Materials
6322337,TB NG SALEM SUMP ENFIT 16FR,0.01,Materials
6121386,CATH SUCT WHISTLE ST 12FR,0.34,Materials
6220510,WRAP STRL QK CHECK H100 24X24,24.99,Materials
6114515,STKNG THIGH TED OPEN SM LNG,3.85,Materials
6112296,KT OSTOMY CONE IRG,6.31,Materials
6206679,TB VASELINE PURE WHT 0.6OZ,0.4,Materials
6114516,STKNG THIGH TED OPEN MD SHRT,3.85,Materials
6275877,PAD GEL HD LAT W DISH 9X10,51.05,Materials
6114636,BNDG RL DERMACEA STER3PLY2X4YD,0.24,Materials
6291720,WIPE LENS SEE CL 6X5,0.03,Materials
6166562,DRSG INTERDRY AG 10X144,46.44,Materials
6322338,TB NG SALEM SUMP ENFIT 18FR,0.01,Materials
6189590,CHAMBER AEROCHAMBER+ W WHSTL CA50,5.3,Materials
6296034,SET BLD ALARIS 180MCRN 121IN,8.39,Materials
6260363,COV PROBE SURETEMP,0.44,Materials
6298237,SET ADMIN MINILOC SFTY 22GX1,0.01,Materials
6270749,COV PROBE THERMOSCAN PRO6000,0.01,Materials
6114517,STKNG THIGH TED OPEN MD REG,9.36,Materials
6114637,BNDG RL DERMACEA STER3PLY3X4YD,0.24,Materials
6240971,SOLIDIFIER GEL 2000CC 2.1OZ,1.22,Materials
6293014,SOL PREP PVP IODINE 10% 4OZ CA48,1.16,Materials
6250171,SLV SCD CALF VENAFLOW 22,13.59,Materials
6178528,BLANKET WARM UNDERBODY FULL,22.43,Materials
6180500,LMA ST AURASTRAIGHT SZ3,4.75,Materials
6121399,ASPIR SUCT MECONIUM CL,6.48,Materials
6114518,STKNG THIGH TED OPEN MD LNG,3.85,Materials
6114638,BNDG RL DERMACEA STER3PLY4X4YD,0.29,Materials
6120004,TAPE MICROPORE 0.5X10YD,0.09,Materials
6189422,BG SPECMN URNCLOTHADHPEDS200ML,2.08,Materials
6298239,SET ADMIN MINILOC SFTY 22GX1.5,5.2,Materials
6253322,SET ALARIS ADMIN 3Y SMARTSITE,5.05,Materials
6303540,TEST STREP A XPERT XPRESS,199.87,Materials
6276466,CAP DISINF JET PORT PROTECT,0.77,Materials
6309169,APPL CHLORAPREP CL 3ML,0.84,Materials
6112308,BARR FLXTND TAPE FLAT BLU 57MM,2.05,Materials
6243131,RESUSC MASK MANO NEO-TEE <60CM,35.88,Materials
6319957,CATH EXTL KT FEMALE PUREWICKLF,11.69,Materials
6114519,STKNG THIGH TED OPEN LG SHRT,6.39,Materials
6114639,BNDG RL DERMACEA STER3PLY6X4YD,0.51,Materials
6249369,CONTR GRAD TRIANG BLK,0.26,Materials
6323306,FLTR LN MALE SHRTTERMADLT6.5FT PK25,9.61,Materials
6130301,CONTR SHARPS SHARPSAFETY HZD WASTE BLK 8GA,10.57,Materials
6324223,MASK AEROSOL ELNG RCI PEDS22MM,0.44,Materials
6120005,TAPE MICROPORE 1X10YD,0.28,Materials
6177672,GLOVE EXAM CHEMO NITRL PF MD,5.74,Materials
6265598,SOL IRG 0.9NACL BBRA CONTR 3000ML BG,10.42,Materials
6120973,SYR LL CARD 3ML,0.05,Materials
6206314,DRSG TRNSPAR BASIC FRM TEGADERM 4X4.75,0.46,Materials
6120006,TAPE MICROPORE 2X10YD,0.52,Materials
6316786,BLADE SPECTRUM LOPRO DISP S2,46.8,Materials
6178802,GLOVE EXAM CHEMO NITRL PF LG,7.7,Materials
6179603,SHAMPOO CUCUMBER/MELON 4OZ,0.79,Materials
6323307,FLTR LN LNG TERM PEDS 6.5FT,12.42,Materials
6168909,DRSG AQUACEL HYDROFIBER 4X5,2.97,Materials
6324224,MASK AEROSOL ELNG ADLT 22MM,0.37,Materials
6325509,KT CVC TL PRSS INJBLU+7FRX20CM,96.58,Materials
6188537,TB SUCT MEDIVAC STER3/16IN10FT,0.84,Materials
6299896,WIPE BARR CREAM SHIELD3PK9X8.5,0.78,Materials
6114520,STKNG THIGH TED OPEN LG REG,9.36,Materials
6278083,INTERFACE TRAC OPTIFLOW,20.75,Materials
6114521,STKNG THIGH TED OPEN LG LNG,3.85,Materials
6309171,APPL CHLORAPREP CL 1ML,0.41,Materials
6178475,*CIP* BNDG ELAS DELX LF STER 4X5YD,1.68,Materials
6180504,LMA AURAFLEX SZ2,12.75,Materials
6234332,TEST QUI INFLUENXA A+B,247.5,Materials
6324225,MASK AEROSOL TRACH ADLT 22MM,0.76,Materials
6243133,CHAMBER AEROCHAMBER+ W MASK LG,11.03,Materials
6194769,TISS FACIAL PREFERENCE 7.63X9,0.62,Materials
6283897,CONN MICROCLAVE CL 165ML/MN,0.83,Materials
6171469,STYLET INTUB 14FR 5-10MM,2.07,Materials
6293765,BLADE BRITEBLADE PRO MAC SZ2,4.25,Materials
6220517,WRAP STRL QK CHECK H400 36X36,69.24,Materials
6316025,DIAPER SWADDLERS SZ4 22-37LB,0.47,Materials
6120008,TAPE TRANSPORE CL 0.5X10YD,0.25,Materials
6178476,*CIP* BNDG ELAS DELX LF STER 6X5YD,2.08,Materials
6327297,MASK AEROSOL FACE TENTMEDLWOTB,0.66,Materials
6180505,LMA AURAFLEX SZ2.5,12.75,Materials
6265505,SET EXT 0.2MCRN CARESITE,2.19,Materials
6253329,SET ALARIS PRSS SENS MICRO 60,2.08,Materials
6193264,CONN SUCT TB 5-IN-1 STER CA200,0.77,Materials
6281257,PROTECT SKIN CAVILON ADV 2.7ML,8.64,Materials
6131194,CATH IV INSYTE SFTY ST16GX1.77,1.5,Materials
6293766,BLADE BRITEBLADE PRO MAC SZ3,3.88,Materials
6171766,STYLET INTUB 6FR 2.5-4.5MM,2.07,Materials
6224796,BNDG UNNA BOOT UNNAFLEX 4X10YD,4.69,Materials
6225251,SWAB TOOTHETTE PLUS BICARB EA,0.09,Materials
6180506,LMA AURAFLEX SZ3,12.72,Materials
6120131,SOL ISOPROPYL ALC 70% 16OZ,1.45,Materials
6249115,STRAINER CALCULI URN,0.25,Materials
6316026,DIAPER SWADDLERS PRM P-S <6LB,0.58,Materials
6316789,BLADE SPECTRUM LOPROS3 DISP,36,Materials
6220519,WRAP STRL QK CHECK H400 48X48,39.08,Materials
6316049,DIAPER SWADDLERS SZ1 8-14LB,0.15,Materials
6172062,STYLET INTUB 10FR,2.07,Materials
6316790,BLADE SPECTRUM LOPROS4 DISP,34.88,Materials
6180507,LMA AURAFLEX SZ4,12.75,Materials
6265527,SET EXT 1.2MCRN CARESITE,0.01,Materials
6120144,SOL CHG 4% HIBICLENS 32OZ,8.05,Materials
6120813,SET BLD COLLT SFTY WO LUER ADPTR 23GX0.75 12IN,1.24,Materials
6293767,BLADE BRITEBLADE PRO MAC SZ4,4.27,Materials
6293589,BG EMESIS LDPE WHT DISP 1500ML,0.2,Materials
6189258,CATH SUCT SGL DELEE RED 18FR,1.15,Materials
6120011,TAPE TRANSPORE CL 2X10YD,1,Materials
6189370,GLOVE EXAM CHEMO NITRL PF SM,6.88,Materials
6265530,SET EXT SMBORE T-PORT 4IN,1.04,Materials
6268408,SET PRIM LOW SORBING 107IN,6.19,Materials
6309175,APPL CHLORAPREP ORG 26ML,6.23,Materials
6323010,TB NG PU ENFIT PUR 5FR 40CM,7.91,Materials
6221997,CATH CLSD DBL SWIVEL 12FR 12,8.96,Materials
6171769,SPECULUM OTO KLEENSPEC 3MM,0.99,Materials
6180508,LMA AURAFLEX SZ5,11.88,Materials
6172719,TB ET NASAL RAE TAPERGUARD 6.5,4.44,Materials
6240734,CATH CLSD DBL SWIVEL 12FR 21.3,8.87,Materials
6298675,RESUSC MANOPEEPMASK INFANT NEO,10.95,Materials
6120175,SWAB PREP PVI,0.13,Materials
6303759,CONTR SPECMN STER 3OZ,0.15,Materials
6171775,SPECULUM OTO KLEENSPEC 4MM,0.99,Materials
6273770,DRSG TRANS TEGADERM 2 3/8X4,0.48,Materials
6120016,TAPE MEDIPORE H 3X10YD,4.97,Materials
6121006,NDLE HYPO REG BEVEL BD 25GX1.5,0.07,Materials
6319597,DIAPER SWADDLERS SZ3 16-28LB,0.52,Materials
6131257,PLSTR CAST BNDG XTR FAST 4X5YD,1.2,Materials
6120017,TAPE DURAPORE 3X10YD,1.35,Materials
6305521,BEDPAN FRAC PLST GRY,0.83,Materials
6121560,CATH FOLEY SIL 2W 10FR 3CC,3.74,Materials
6131258,PLSTR CAST BNDG XTR FAST 6X5YD,1.66,Materials
6323315,FLTR LN INTUB LNG TERMNEO6.5FT,10.25,Materials
6324516,FORMULA SIMILAC 360 TOTAL 2OZ,0,Materials
6249106,ELTD MON RED DOT CLOTH PEDS,0.4,Materials
6155674,PLSTR CAST BNDG FAST 2X3YD,0.64,Materials
6265534,SET EXT SMBORE LL 61IN,1.01,Materials
6202667,SET ACC SIMPLE CHEST DRN VALV,68.65,Materials
6114649,PKNG IODOFORM 0.25X5YD,1.84,Materials
6120018,TAPE DURAPORE 1X10YD,0.45,Materials
6188615,CATH IV ANGIOCATH 14GX5.25,12,Materials
6220524,WRAP STRL QK CHECK H200 30X30,27.59,Materials
6240843,INTR PICC MINI STICK II 5FR,39,Materials
6239556,BLADE SS STER SZ10,0.25,Materials
6265535,SET EXT STD BORE FEMALE LL 7IN,0.62,Materials
6274656,SET PRIM PUMP 2 CHECK VALV 81,4.23,Materials
6285570,CATH CLSD DBL SWIVEL 14FR,8.23,Materials
6114650,PKNG IODOFORM 0.50X5YD,2.18,Materials
6120019,TAPE DURAPORE 0.5X10YD,0.22,Materials
6121020,NDLE HYPO REG BEVEL BD 23GX1,0.06,Materials
6155675,PLSTR CAST BNDG FAST 3X3YD,0.81,Materials
6293774,BLADE BRITEBLADEPROMILLER SZ2,3.61,Materials
6189198,AIRW NASAL PVC FIXED 30FR165MM,1.65,Materials
6305524,URINAL SUPREME PLST DISP CL,0.45,Materials
6114651,PKNG IODOFORM 1X5YD,2.26,Materials
6286920,MOUTHWASH LISTERINE NOALC3.5OZ,0.82,Materials
6225501,CONN SUCT TBSIMSSTERST3/16X.25,0.73,Materials
6155676,PLSTR CAST BNDG FAST 4X5YD,1.2,Materials
6168878,DRAPE UTILITY W TAPE 25X15,0.6,Materials
6239557,BLADE SS STER SZ11,0.26,Materials
6239557,BLADE SS STER SZ11,0.26,Materials
6114652,PKNG IODOFORM 2X5YD,3.5,Materials
6315642,CANN O2 SOFT CUSH UCONNADLT7FT,0.63,Materials
6155677,PLSTR CAST BNDG FAST 5X5YD,1.44,Materials
6240711,BLADE SS STER SZ12,1.33,Materials
6241204,SPECIMEN TRAP ARGY 40ML,0.87,Materials
6305525,BASIN EMESIS PLST GRY 700ML,0.09,Materials
6246344,SYS OPEP AEROBIKA OSCL,42.37,Materials
6253980,STKNG THIGH TED OPEN REG XL,3.85,Materials
6189294,SYR MAGELLAN SFTY NDLE CARD 1ML 25GX5/8,0.52,Materials
6189200,AIRW NASAL PVC FIXED 34FR175MM,1.65,Materials
6305526,COLLT SPECMN HAT URNSTOOL900ML,0.42,Materials
6114653,PKNG PLAIN STER 0.25X5YD,1.77,Materials
6155678,PLSTR CAST BNDG FAST 6X5YD,1.46,Materials
6165063,SYR LL TUBERCULIN 1ML,0.32,Materials
6305527,BASIN WASH RECT GRY 6QT,0.48,Materials
6180154,DRSG MEPILEX FOAM NO BORD 4X4,2.65,Materials
6282854,MASK ANES TOP VALV FLEX SM SZ4,1.2,Materials
6114654,PKNG PLAIN STER 0.50X5YD,1.76,Materials
6140959,TAPE DURAPORE 2X10YD,0.9,Materials
6276443,LMA AURAGAIN GASTRIC ACC SZ3,6.66,Materials
6282855,MASK ANES TOP VALV FLEXADLTSZ5,1.08,Materials
6325600,SUCT CANISTER SAFELNR 1000ML,1.33,Materials
6114655,PKNG PLAIN STER 1X5YD,1.82,Materials
6208442,BLANKET WARM UNDERBODY ADLT,14,Materials
6225046,GLOVE EXAM VINYL LG,3.09,Materials
6176520,TEST STRIP COAGUCHEK XS 2X24,187,Materials
6276444,LMA AURAGAIN GASTRIC ACC SZ4,6.95,Materials
6305529,CONTR DENTURE W LID PLST BLU,0.11,Materials
6316426,CANN NASALCMFTSOFTPLUSADLT14FT,0.99,Materials
6282856,MASK ANES TOP VALV FLEX LG SZ6,1.18,Materials
6283062,TRAY CATH SUCT GRAD DELEE 5FR,0.51,Materials
6202640,NDLE HYPO SFTYMAGELLAN25GX1.5,0.24,Materials
6114656,PKNG PLAIN STER 2X5YD,2.7,Materials
6143296,BNDG SLFADH COBAN TAN 3X5YD,1.09,Materials
6169009,NDLE HYPO REG BEVEL BD 30GX1,0.05,Materials
6184197,DRSG GEL MEPITEL ONE 4X7,9.1,Materials
6260684,TOWEL SURG STER DELX BLU PK2,0.88,Materials
6316913,NEB MISTY MAX 7FT TB DISP,0.81,Materials
6276445,LMA AURAGAIN GASTRIC ACC SZ5,6.74,Materials
6282857,MASK ANES TOP VALV FLEX NEOSZ1,1.07,Materials
6299815,TOOTHPASTE COLGATE 0.88OZ,0.81,Materials
6151870,TAPE TRANSPORE CL 1X10YD,0.54,Materials
6169010,NDLE HYPO REG BEVEL BD 18GX1.5,0.03,Materials
6283967,MASK ANES TOPVALVFLEXINFANTSZ2,1.06,Materials
6260685,TOWEL SURG STER DELX BLU PK4,1.58,Materials
6189257,CONTR SHARPS NOVAPLUS IN ROOM CL 5QT,2.17,Materials
6283968,MASK ANES TOP VALVFLEXCHILDSZ3,1.27,Materials
6294321,SET ALARIS SMARTSITE LOW SORB,9.49,Materials
6241198,GLOVE EXAM VINYL PF SM,1.97,Materials
6206295,AIRW GUEDEL CATH GD 90MM,0.64,Materials
6218309,GOWN BAIR PAWS PEDS,0.01,Materials
6241572,GLOVE EXAM VINYL PF MD,2.7,Materials
6206721,AIRW GUEDEL CATH GD 110MM,0.64,Materials
6244290,KT SGL TRANSD 60IN,20.55,Materials
6114662,DRSG TELFA 3X8,0.06,Materials
6325101,LARYNSCP BLADE MACX3,72.89,Materials
6298173,SET ALARIS PCA ANTI-SIPHON92IN,3.57,Materials
6240278,CIRCUIT BIPAP NIV EXHALE PORT,7.13,Materials
6215399,AIRW GUEDEL CATH GD 100MM,0.64,Materials
6114670,DRSG GZ VASELINE STER 1X36,0.51,Materials
6265615,SET EXT MICRO FLUID 0.02X60,1.16,Materials
6215400,AIRW GUEDEL CATH GD 80MM,0.64,Materials
6183504,TAPE CAST FBRGLS WHT 1IN,1.34,Materials
6291524,KT AIRW SUPRAGLOTTIC LTS-D SZ3,34,Materials
6114672,DRSG GZ VASELINE STER 3X36,0.73,Materials
6291525,KT AIRW SUPRAGLOTTIC LTS-D SZ4,34,Materials
6300119,SET INFUS CHECK VALV 3Y ALARIS,4.33,Materials
6263338,CIRCUIT EVAQUA II LOW FLOW,35.01,Materials
6114673,DRSG GZ XEROFORM STER 1X8,0.35,Materials
6215402,AIRW GUEDEL CATH GD 60MM,0.64,Materials
6247309,GLOVE EXAM STERLING 9.5 PF MD,0.33,Materials
6114674,DRSG GZ XEROFORM STER 5X9,0.48,Materials
6247310,GLOVE EXAM STERLING 9.5 PF LG CA200,0.01,Materials
6262192,CAP BOUFFANT SPUNBOND BLU LG24,0.05,Materials
6181816,SYR LL BD 20ML,0.23,Materials
6189432,TB ET LO-PRO CUFF MURPHY 4.0MM,1.49,Materials
6285746,SENS SPO2 RD SET INFANT 3-20KG,9,Materials
6325312,PICC DL PROVENA SOLO3CGMAX+4FR,271.75,Materials
6189433,TB ET LO-PRO CUFF MURPHY 4.5MM,1.49,Materials
6114685,SPNG GZ CURITY STER 12PLY 3X3,0.05,Materials
6216777,CONTR SHARPS RED CL LID 2GA,2.73,Materials
6114686,SPNG GZ CURITY STER 12PLY 4X4,0.06,Materials
6240690,*CIP* BNDG ELAS EZE-BAND 3X5YD,0.55,Materials
6189438,TB ET ORAL RAE CUFF MURPHY 4.5,4.44,Materials
6285568,SET EXT PRSS INFUS MICROCLAVE7,1.38,Materials
6189439,TB ET ORAL RAE TAPERGUARD5.0MM,4.44,Materials
6240691,*CIP* BNDG ELAS EZE-BAND 4X5.5YD,0.87,Materials
6325315,PICC SL PROVENA SOLO MAX 3FR,189.19,Materials
6264839,BLANKET HYPER/HYPO MULT 25X64,11.99,Materials
6189440,TB ET ORAL RAE TAPERGUARD5.5MM,4.44,Materials
6206606,CUFF BP 1TB BAY REUS ADLT SZ 12 LG,0.01,Materials
6213288,TAPE MEFIX 4X11YD,6.96,Materials
6240692,BNDG ELAS EZE-BAND 4X11YD,1.56,Materials
6279723,SYR NDLE INS SFTY 1ML 29GX0.5,0.34,Materials
6240693,BNDG ELAS EZE-BAND 6X11YD,2.26,Materials
6189441,TB ET ORAL RAE TAPERGUARD6.0MM,4.44,Materials
6206610,CUFF BP 1TB HP REUS ADLT,0.01,Materials
6266083,PAD THERAPY TPUMP MULTPAD13X18,10.5,Materials
6189442,TB ET ORAL RAE TAPERGUARD7.0MM,4.44,Materials
6224897,CONTR SHARPS NOVAPLUS PHLEB HNG RED 1QT,1.03,Materials
6321079,CNTRST POLIBAR PLUS 750ML,4.94,Materials
6189443,TB ET ORAL RAE TAPERGUARD8.0MM,4.44,Materials
6313592,SET INFUS 2PC MALE LL,4.26,Materials
6189444,TB ET ORAL RAE CUFF MURPHY 4.0,4.44,Materials
6205872,DRSG DUODERM XTHN 6X6,2.13,Materials
6206619,CUFF BP 2TB HP SOFT DISP THIGH,3.35,Materials
6189445,TB ET NASAL RAE TAPERGUARD 6.0,4.44,Materials
6120180,COTTONBALL PREP CURITY MD,2.72,Materials
6189446,TB ET NASAL RAE TAPERGUARD 7.0,4.44,Materials
6189618,PAD CAST SOF-ROL 3X4YD,0.47,Materials
6189619,PAD CAST SOF-ROL 4X4YD,0.55,Materials
6259529,AIRW BERMAN PNK 40MM BX50,0.01,Materials
6270639,CONTR SHARPS CHEMOSLIDELID18GA,18.54,Materials
6189620,PAD CAST SOF-ROL 6X4YD,0.83,Materials
6276955,GLOVE EXAM NITRL STERLING PFMD,0.29,Materials
6189621,PAD CAST SOF-ROL 2X4YD,0.25,Materials
6327481,SET INFUS SAPPHIREMACRONV2Y120,4.97,Materials
6241693,BG DRN BILE SGL PORT 9OZ,5.47,Materials
6241718,*CIP* BNDG ELAS EZE-BAND 6X5.5YD,0.95,Materials
6145986,SPNG KERLIX SUP STER 5S 6X6.75,0.55,Materials
6240852,KT ABG PRO-VENT 3ML LL STRIP 23GX1,1.05,Materials
6275532,TAPE MEDIPORE H 4X10YD,6.17,Materials
6172309,SPNG KERLIX SUP STER 10S6X6.75,1.05,Materials
6275533,TAPE MEDIPORE H 1X10YD,1.65,Materials
6275534,TAPE MEDIPORE H 2X10YD,3.09,Materials
6170753,CATH FOLEY BARDEX SIL 2W 14FR 5CC,3.74,Materials
6319778,CONTR SHARPS-A-GATOR RED 10GA,6.51,Materials
6240794,DRSG WND PURACOL PLUS4.25X4.25,14.77,Materials
6176117,DRSG TELFA ISLAND 2X3.75,0.09,Materials
6193271,SPLT ORTHOGLS PRECUT 3X12,5.04,Materials
6222296,CUFF BP 2TB MQ SOFT DISP ADLT,1.78,Materials
6266818,NDLE HYPO REG BEVEL BD 27GX0.5,0.07,Materials
6193272,SPLT ORTHOGLS PRECUT 4X30,11.74,Materials
6270696,NDLE HYPO REG BEVEL BD 18GX1,0.05,Materials
6315655,AIRW GUEDEL SMTH BLU SZ0 50MM,0.35,Materials
6193273,SPLT ORTHOGLS PRECUT 4X15,5.44,Materials
6271913,SYR LL BD 30ML,0.28,Materials
6172664,CATH FOLEY SIL 2W 24FR 30CC,5.36,Materials
6193274,SPLT ORTHOGLS PRECUT 3X35,11.84,Materials
6271914,NDLE HYPO REG BEVEL BD 25GX1,0.07,Materials
6271916,NDLE HYPO REG BEVEL BD 21GX1,0,Materials
6172669,PLUG CATH DRN STER,0.31,Materials
6193318,SPLT ORTHOGLS RL 3X15FT,47.58,Materials
6241760,CUFF BP 2TB MQ SOFT DISPADLTLG,2.17,Materials
6173911,CATH FOLEY SIL 2W 20FR 30CC,5.04,Materials
6241700,KT TRACH CARE W PEROXIDE,1.44,Materials
6241761,CUFF BP 2TB MQ SOFT DISP CHILD,1.68,Materials
6193322,TAPE CAST FBRGLS WHT 2IN,1.5,Materials
6257242,CUFF BP 1TB HP REUS ADLT SM,0.01,Materials
6193323,TAPE CAST FBRGLS WHT 3IN,1.84,Materials
6257243,CUFF BP 1TB HP REUS ADLT LNG,0.01,Materials
6193324,TAPE CAST FBRGLS WHT 4IN,2.23,Materials
6271931,SYR LL BD 5ML,0.1,Materials
6193327,TAPE CAST FBRGLS PNK 3IN,1.71,Materials
6263568,CUFF BP 1TB HP SOFT DISPINFANT,1.84,Materials
6271933,SYR LL BD 50ML,1,Materials
6263569,CUFF BP 1TB HP SOFT DISP CHILD,1.84,Materials
6193305,SPNG GZ CURITY STER 8PLY 2X2,0.03,Materials
6263572,CUFF BP 1TB HP SOFT DISP ADLT,2.08,Materials
6271943,NDLE HYPO REG BEVEL BD 27GX1.5,0.21,Materials
6216023,GLOVE SURG PROTXS PI PF 8.5,1.51,Materials
6267047,CUFF BP 1TB HP REUS NEWBORN,0.01,Materials
6277291,SYR LL BD 10ML,0.11,Materials
6193331,DRSG KERLIX STER RL 4.5X4YD,0.65,Materials
6193373,TAPE CAST FBRGLS LT BLU 2IN,1.5,Materials
6216024,GLOVE SURG PROTXS PI PF 8.0,1.5,Materials
6216025,GLOVE SURG PROTXS PI PF 7.5,1.84,Materials
6313324,VENTILATOR GO2VENT DISP,0.01,Materials
6193374,TAPE CAST FBRGLS LT BLU 3IN,1.71,Materials
6216026,GLOVE SURG PROTXS PI PF 7.0,1.5,Materials
6193375,TAPE CAST FBRGLS LT BLU 4IN,2.23,Materials
6216027,GLOVE SURG PROTXS PI PF 6.5,1.5,Materials
6188360,TRAY IRG PIST SYR 60CC,1.77,Materials
6193427,DRSG ADAPTIC 3X8,0.44,Materials
6216028,GLOVE SURG PROTXS PI PF 6.0,1.5,Materials
6203929,APPL COTTON TIP PLST STER 6IN,0.05,Materials
6188488,CATH FOLEY LUB-SIL 2W 12FR 5CC,7.26,Materials
6188489,CATH FOLEY LUB-SIL 2W 14FR 5CC,7.16,Materials
6188490,CATH FOLEY LUB-SIL 2W 16FR 5CC,7.26,Materials
6200037,TAPE CAST FBRGLS BRT PNK 2IN,1.5,Materials
6188492,CATH FOLEY LUB-SIL 2W 22FR 5CC,6.81,Materials
6200041,TAPE CAST FBRGLS BRT PNK 4IN,2.23,Materials
6267059,CUFF BP 1TB HP REUS CHILD SM,0.01,Materials
6188495,CATH FOLEY LUB-SIL 2W 22FR30CC,8.11,Materials
6285221,DRSG MEPILEX BORD SACRUM 9X9,9.42,Materials
6241582,SPNG GZ CURITY 12PLY 4X4,0.02,Materials
6241049,TB ET SOFT SEAL CUFF 5.0MM,2.13,Materials
6241051,TB ET SOFT SEAL CUFF 7.0MM,2.42,Materials
6287130,DRSG BARR ACTICOAT FLEX7 4X5,13.68,Materials
6313751,GLASSES SFTY CHIEF FRMLESS CL,1.38,Materials
6241053,TB ET SOFT SEAL CUFF 8.0MM,2.37,Materials
6241054,TB ET UNCUF MURPHY 3.5MM,1.72,Materials
6241055,TB ET UNCUF MURPHY 4.0MM,1.8,Materials
6287515,DRSG ANTIMIC SILVCEL 4.25X4.25,5.59,Materials
6204752,SPLT ORTHOGLS RL 4X15FT,57.09,Materials
6241057,TB ET UNCUF MURPHY 5.0MM,2.17,Materials
6204753,SPLT ORTHOGLS RL 5X15FT,68.01,Materials
6194767,DEV SECURE FOLEY TRICOT ADLT,3.21,Materials
6330125,GLOVE EXAM STERLING SG PF SM,8.57,Materials
6220385,STKNT SYN DELTA-NET 2X25YD,12.68,Materials
6330126,GLOVE EXAM STERLING SG PF MD,8,Materials
6330127,GLOVE EXAM STERLING SG PF LG,8,Materials
6202714,CATH COUDE SIL 2W 14FR 5CC,27.06,Materials
6220386,STKNT SYN DELTA-NET 3X25YD,15.47,Materials
6220387,STKNT SYN DELTA-NET 4X25YD,20.36,Materials
6330128,GLOVE EXAM STERLING SG PF XL,11.21,Materials
6330129,GLOVE EXAM VINYL PF XL,2.7,Materials
6263331,TB ET TAPERGUARD MURPHY 9.0MM,1.48,Materials
6298172,DRSG EYE PAD STER 1-5/8X2-5/8,0.07,Materials
6266711,TB ET TAPERGUARD MURPHY 5.5MM,1.49,Materials
6266712,TB ET TAPERGUARD MURPHY 6.0MM,1.49,Materials
6266713,TB ET TAPERGUARD MURPHY 6.5MM,1.49,Materials
6305531,DRAPE SURG HALF SH 44X60,0.86,Materials
6266715,TB ET TAPERGUARD MURPHY 7.5MM,1.49,Materials
6266717,TB ET TAPERGUARD MURPHY 8.5MM,1.49,Materials
6266720,TB ET LO-PRO CUFF MURPHY 3.0MM,1.49,Materials
6305752,DRSG MEPILEX BORD FLEX 4X4,2.69,Materials
6276040,TB ET UNCUF MURPHY MAGILL2.5MM,0.98,Materials
6276041,TB ET UNCUF MURPHY MAGILL2.0MM,0.99,Materials
6208611,CATH FOLEY LUB-SIL 2W 20FR 5CC,7.26,Materials
6276042,TB ET UNCUF MURPHY MAGILL3.0MM,0.94,Materials
6276045,TB ET UNCUF MURPHY MAGILL4.5MM,1.25,Materials
6241699,STKNT SYN DELTA-NET 6X25YD,25.44,Materials
6267116,CUFF BP 2TB MQ SOFT DISPINFANT,1.68,Materials
6216872,BG URN DRN ANTIREFLUX 2000ML,2.99,Materials
6267124,CUFF BP 2TB MQ SOFTDISPCHILDSM,1.68,Materials
6320642,DRSG AQUACEL AG SURG 3.5X10,28.98,Materials
6242340,NDLE BX ULTRAVUE SPNL 20GX3.5,6.91,Materials
6267139,CUFF BP 2TB MK SOFT DISPADLTSM,1.78,Materials
6229941,CATH FOLEY LUB-SIL 2W 24FR 5CC,3.48,Materials
6267153,CUFF BP 2TB MQ SOFTDISPADLTLNG,2.04,Materials
6232078,CATH FOLEY SIL 3W 22FR 30CC,9.69,Materials
6237514,CATH FOLEY LUB-SIL 2W 6FR1.5CC,21.84,Materials
6267155,CUFF BP 1TB HP SOFT DISPADLTLG,2.46,Materials
6241226,CATH FOLEY LUB-SIL 2W 8FR 3CC,7.08,Materials
6267170,CUFF BP 2TB MQ SOFT DISP THIGH,3.23,Materials
6275613,TRAY FOLEY LUBRISIL URNMTR 350ML STATLOCK 16FR,45.55,Materials
6275615,TRAY ADD-A-FOLEY URINMETER LF,13.13,Materials
6275878,WIPE POST INSRT FOLEY 7.9X7.9,1.58,Materials
6331634,CUFF BP NEOQUIK DISP NEO SZ4,0.01,Materials
6277271,TRAY FOLEY URNMTR 14FR,22.94,Materials
6331635,CUFF BP NEOQUIK DISP NEO SZ5,0.01,Materials
6318798,CATH INTMT PVC MALE ST 12FR,0.55,Materials
6318799,CATH INTMT PVC MALE ST 14FR,0.55,Materials
6325906,TRAY CATH URTHRL SURE14FR,8.75,Materials
6322698,TB GASTRO REPL ENFIT ST 20FR,27.68,Materials
6172410,SYR SAFETY NDLE BD 1ML 25GX5/8,0.26,Materials
6332952,KT PERICARDCENT ST 8.3FR 40CM,0.01,Materials
6333543,CUFF BP 1TB THIGH DISP 44-56CM,0.01,Materials
6335232,COTTONBALL PREP DUKAL MD,17.43,Materials
6335438,SANTZR HAND GEL PURELL 12OZ,2.01,Materials
6336204,LOTION BODY REMEDY UNSC 4OZ,0.61,Materials
6337326,BRIEF WINGS+ WHT ADLT MD,2.85,Materials
6337327,BRIEF WINGS+ BLU ADLT LG,5.58,Materials
6337328,BRIEF WINGS+ BGE ADLT XL,5.58,Materials
6337454,PAD TENDER CARE HYDROGEL STER,4.29,Materials
6337484,PAD INCONT WING NIGHT 14X27,9,Materials
6338453,TOOTHBRUSH PREM ADLT,0,Materials
6340007,FLOWMETER PEAK MINI 60-720 LPM,0,Materials
6339963,PAPER FETAL CMS4305 6X47FT,0,Materials
